{"success": true, "first_month": "July 2017", "last_month": "August 2017", "calendar": {"2017-07-16": {"price": "945.00", "state": "0", "minnights": "2", "currency": "UAH"}, "2017-07-17": {"price": "945.00", "state": "0", "minnights": "2", "currency": "UAH"}, "2017-07-18": {"price": "945.00", "state": "0", "minnights": "2", "currency": "UAH"}, "2017-07-19": {"price": "945.00", "state": "0", "minnights": "2", "currency": "UAH"}, "2017-07-20": {"price": "945.00", "state": "0", "minnights": "2", "currency": "UAH"}, "2017-07-21": {"price": "945.00", "state": "0", "minnights": "2", "currency": "UAH"}, "2017-07-22": {"price": "945.00", "state": "0", "minnights": "2", "currency": "UAH"}, "2017-07-23": {"price": "945.00", "state": "0", "minnights": "2", "currency": "UAH"}, "2017-07-24": {"price": "945.00", "state": "0", "minnights": "2", "currency": "UAH"}, "2017-07-25": {"price": "945.00", "state": "0", "minnights": "2", "currency": "UAH"}, "2017-07-26": {"price": "945.00", "state": "0", "minnights": "2", "currency": "UAH"}, "2017-07-27": {"price": "945.00", "state": "0", "minnights": "2", "currency": "UAH"}, "2017-07-28": {"price": "945.00", "state": "0", "minnights": "2", "currency": "UAH"}, "2017-07-29": {"price": "945.00", "state": "0", "minnights": "2", "currency": "UAH"}, "2017-07-30": {"price": "945.00", "state": "0", "minnights": "2", "currency": "UAH"}, "2017-07-31": {"price": "945.00", "state": "0", "minnights": "2", "currency": "UAH"}, "2017-08-01": {"price": "945.00", "state": "1", "minnights": "2", "currency": "UAH"}, "2017-08-02": {"price": "945.00", "state": "1", "minnights": "2", "currency": "UAH"}, "2017-08-03": {"price": "945.00", "state": "1", "minnights": "2", "currency": "UAH"}, "2017-08-04": {"price": "945.00", "state": "1", "minnights": "2", "currency": "UAH"}, "2017-08-05": {"price": "945.00", "state": "1", "minnights": "2", "currency": "UAH"}, "2017-08-06": {"price": "945.00", "state": "1", "minnights": "2", "currency": "UAH"}, "2017-08-07": {"price": "945.00", "state": "1", "minnights": "2", "currency": "UAH"}, "2017-08-08": {"price": "945.00", "state": "1", "minnights": "2", "currency": "UAH"}, "2017-08-09": {"price": "945.00", "state": "1", "minnights": "2", "currency": "UAH"}, "2017-08-10": {"price": "945.00", "state": "1", "minnights": "2", "currency": "UAH"}, "2017-08-11": {"price": "945.00", "state": "1", "minnights": "2", "currency": "UAH"}, "2017-08-12": {"price": "945.00", "state": "1", "minnights": "2", "currency": "UAH"}, "2017-08-13": {"price": "945.00", "state": "1", "minnights": "2", "currency": "UAH"}, "2017-08-14": {"price": "945.00", "state": "1", "minnights": "2", "currency": "UAH"}, "2017-08-15": {"price": "945.00", "state": "0", "minnights": "2", "currency": "UAH"}, "2017-08-16": {"price": "945.00", "state": "0", "minnights": "2", "currency": "UAH"}, "2017-08-17": {"price": "945.00", "state": "0", "minnights": "2", "currency": "UAH"}, "2017-08-18": {"price": "945.00", "state": "0", "minnights": "2", "currency": "UAH"}, "2017-08-19": {"price": "945.00", "state": "0", "minnights": "2", "currency": "UAH"}, "2017-08-20": {"price": "945.00", "state": "1", "minnights": "2", "currency": "UAH"}, "2017-08-21": {"price": "945.00", "state": "1", "minnights": "2", "currency": "UAH"}, "2017-08-22": {"price": "945.00", "state": "1", "minnights": "2", "currency": "UAH"}, "2017-08-23": {"price": "945.00", "state": "1", "minnights": "2", "currency": "UAH"}, "2017-08-24": {"price": "945.00", "state": "1", "minnights": "2", "currency": "UAH"}, "2017-08-25": {"price": "945.00", "state": "1", "minnights": "2", "currency": "UAH"}, "2017-08-26": {"price": "945.00", "state": "1", "minnights": "2", "currency": "UAH"}, "2017-08-27": {"price": "945.00", "state": "1", "minnights": "2", "currency": "UAH"}, "2017-08-28": {"price": "945.00", "state": "1", "minnights": "2", "currency": "UAH"}, "2017-08-29": {"price": "945.00", "state": "1", "minnights": "2", "currency": "UAH"}, "2017-08-30": {"price": "945.00", "state": "1", "minnights": "2", "currency": "UAH"}, "2017-08-31": {"price": "945.00", "state": "1", "minnights": "2", "currency": "UAH"}}, "discounts": []}