{"success": true, "first_month": "July 2017", "last_month": "August 2017", "calendar": {"2017-07-16": {"price": "1545.00", "state": "0", "minnights": "1", "currency": "UAH"}, "2017-07-17": {"price": "1416.00", "state": "1", "minnights": "1", "currency": "UAH"}, "2017-07-18": {"price": "1367.00", "state": "0", "minnights": "1", "currency": "UAH"}, "2017-07-19": {"price": "1832.00", "state": "0", "minnights": "1", "currency": "UAH"}, "2017-07-20": {"price": "1648.00", "state": "0", "minnights": "1", "currency": "UAH"}, "2017-07-21": {"price": "1751.00", "state": "0", "minnights": "1", "currency": "UAH"}, "2017-07-22": {"price": "1777.00", "state": "1", "minnights": "1", "currency": "UAH"}, "2017-07-23": {"price": "1288.00", "state": "1", "minnights": "1", "currency": "UAH"}, "2017-07-24": {"price": "1107.00", "state": "1", "minnights": "1", "currency": "UAH"}, "2017-07-25": {"price": "1365.00", "state": "1", "minnights": "1", "currency": "UAH"}, "2017-07-26": {"price": "1725.00", "state": "1", "minnights": "1", "currency": "UAH"}, "2017-07-27": {"price": "1931.00", "state": "1", "minnights": "1", "currency": "UAH"}, "2017-07-28": {"price": "2240.00", "state": "1", "minnights": "1", "currency": "UAH"}, "2017-07-29": {"price": "2240.00", "state": "1", "minnights": "1", "currency": "UAH"}, "2017-07-30": {"price": "1803.00", "state": "1", "minnights": "1", "currency": "UAH"}, "2017-07-31": {"price": "1571.00", "state": "1", "minnights": "1", "currency": "UAH"}, "2017-08-01": {"price": "1648.00", "state": "1", "minnights": "1", "currency": "UAH"}, "2017-08-02": {"price": "1700.00", "state": "1", "minnights": "1", "currency": "UAH"}, "2017-08-03": {"price": "1906.00", "state": "1", "minnights": "1", "currency": "UAH"}, "2017-08-04": {"price": "2086.00", "state": "1", "minnights": "1", "currency": "UAH"}, "2017-08-05": {"price": "2086.00", "state": "1", "minnights": "1", "currency": "UAH"}, "2017-08-06": {"price": "1648.00", "state": "1", "minnights": "1", "currency": "UAH"}, "2017-08-07": {"price": "1416.00", "state": "1", "minnights": "1", "currency": "UAH"}, "2017-08-08": {"price": "1597.00", "state": "1", "minnights": "1", "currency": "UAH"}, "2017-08-09": {"price": "1571.00", "state": "1", "minnights": "1", "currency": "UAH"}, "2017-08-10": {"price": "1828.00", "state": "1", "minnights": "1", "currency": "UAH"}, "2017-08-11": {"price": "2086.00", "state": "1", "minnights": "1", "currency": "UAH"}, "2017-08-12": {"price": "2137.00", "state": "1", "minnights": "1", "currency": "UAH"}, "2017-08-13": {"price": "1700.00", "state": "1", "minnights": "1", "currency": "UAH"}, "2017-08-14": {"price": "1468.00", "state": "1", "minnights": "1", "currency": "UAH"}, "2017-08-15": {"price": "1674.00", "state": "1", "minnights": "1", "currency": "UAH"}, "2017-08-16": {"price": "1674.00", "state": "1", "minnights": "1", "currency": "UAH"}, "2017-08-17": {"price": "1880.00", "state": "1", "minnights": "1", "currency": "UAH"}, "2017-08-18": {"price": "2060.00", "state": "1", "minnights": "1", "currency": "UAH"}, "2017-08-19": {"price": "2060.00", "state": "1", "minnights": "1", "currency": "UAH"}, "2017-08-20": {"price": "1751.00", "state": "1", "minnights": "1", "currency": "UAH"}, "2017-08-21": {"price": "1519.00", "state": "1", "minnights": "1", "currency": "UAH"}, "2017-08-22": {"price": "1751.00", "state": "1", "minnights": "1", "currency": "UAH"}, "2017-08-23": {"price": "1777.00", "state": "1", "minnights": "1", "currency": "UAH"}, "2017-08-24": {"price": "2009.00", "state": "1", "minnights": "1", "currency": "UAH"}, "2017-08-25": {"price": "2215.00", "state": "1", "minnights": "1", "currency": "UAH"}, "2017-08-26": {"price": "2215.00", "state": "1", "minnights": "1", "currency": "UAH"}, "2017-08-27": {"price": "1751.00", "state": "1", "minnights": "1", "currency": "UAH"}, "2017-08-28": {"price": "1519.00", "state": "1", "minnights": "1", "currency": "UAH"}, "2017-08-29": {"price": "1700.00", "state": "1", "minnights": "1", "currency": "UAH"}, "2017-08-30": {"price": "1674.00", "state": "1", "minnights": "1", "currency": "UAH"}, "2017-08-31": {"price": "1906.00", "state": "1", "minnights": "1", "currency": "UAH"}}, "discounts": [{"days": 2, "discount": "3.0", "text": "nights"}, {"days": 3, "discount": "4.5", "text": "nights"}, {"days": 4, "discount": "6.0", "text": "nights"}, {"days": 5, "discount": "7.5", "text": "nights"}, {"days": 6, "discount": "9.0", "text": "nights"}, {"days": 7, "discount": "10.5", "text": "nights"}, {"days": 8, "discount": "12.0", "text": "nights"}, {"days": 9, "discount": "13.5", "text": "nights"}, {"days": 10, "discount": "15.0", "text": "nights"}, {"days": 11, "discount": "16.5", "text": "nights"}, {"days": 12, "discount": "18.0", "text": "nights"}, {"days": 13, "discount": "19.5", "text": "nights"}, {"days": 14, "discount": "20.0", "text": "nights"}, {"days": 30, "discount": "20.0", "text": "nights"}]}