{"success": true, "first_month": "July 2017", "last_month": "August 2017", "calendar": {"2017-07-16": {"price": "2689.20", "state": "0", "minnights": "1", "currency": "UAH"}, "2017-07-17": {"price": "2874.60", "state": "0", "minnights": "1", "currency": "UAH"}, "2017-07-18": {"price": "3198.60", "state": "0", "minnights": "1", "currency": "UAH"}, "2017-07-19": {"price": "4264.20", "state": "0", "minnights": "1", "currency": "UAH"}, "2017-07-20": {"price": "3475.80", "state": "0", "minnights": "1", "currency": "UAH"}, "2017-07-21": {"price": "3522.60", "state": "0", "minnights": "1", "currency": "UAH"}, "2017-07-22": {"price": "3475.80", "state": "1", "minnights": "1", "currency": "UAH"}, "2017-07-23": {"price": "2642.40", "state": "1", "minnights": "1", "currency": "UAH"}, "2017-07-24": {"price": "2318.40", "state": "1", "minnights": "1", "currency": "UAH"}, "2017-07-25": {"price": "2781.00", "state": "1", "minnights": "1", "currency": "UAH"}, "2017-07-26": {"price": "3475.80", "state": "1", "minnights": "1", "currency": "UAH"}, "2017-07-27": {"price": "3893.40", "state": "1", "minnights": "1", "currency": "UAH"}, "2017-07-28": {"price": "4449.60", "state": "0", "minnights": "1", "currency": "UAH"}, "2017-07-29": {"price": "4449.60", "state": "0", "minnights": "1", "currency": "UAH"}, "2017-07-30": {"price": "3616.20", "state": "0", "minnights": "1", "currency": "UAH"}, "2017-07-31": {"price": "3245.40", "state": "0", "minnights": "1", "currency": "UAH"}, "2017-08-01": {"price": "3384.00", "state": "1", "minnights": "1", "currency": "UAH"}, "2017-08-02": {"price": "3430.80", "state": "1", "minnights": "1", "currency": "UAH"}, "2017-08-03": {"price": "3801.60", "state": "1", "minnights": "1", "currency": "UAH"}, "2017-08-04": {"price": "4172.40", "state": "1", "minnights": "1", "currency": "UAH"}, "2017-08-05": {"price": "4125.60", "state": "1", "minnights": "1", "currency": "UAH"}, "2017-08-06": {"price": "3384.00", "state": "1", "minnights": "1", "currency": "UAH"}, "2017-08-07": {"price": "2874.60", "state": "1", "minnights": "1", "currency": "UAH"}, "2017-08-08": {"price": "3245.40", "state": "1", "minnights": "1", "currency": "UAH"}, "2017-08-09": {"price": "3198.60", "state": "1", "minnights": "1", "currency": "UAH"}, "2017-08-10": {"price": "3661.20", "state": "1", "minnights": "1", "currency": "UAH"}, "2017-08-11": {"price": "4125.60", "state": "1", "minnights": "1", "currency": "UAH"}, "2017-08-12": {"price": "4217.40", "state": "1", "minnights": "1", "currency": "UAH"}, "2017-08-13": {"price": "3430.80", "state": "1", "minnights": "1", "currency": "UAH"}, "2017-08-14": {"price": "3013.20", "state": "1", "minnights": "1", "currency": "UAH"}, "2017-08-15": {"price": "3430.80", "state": "1", "minnights": "1", "currency": "UAH"}, "2017-08-16": {"price": "3384.00", "state": "1", "minnights": "1", "currency": "UAH"}, "2017-08-17": {"price": "3754.80", "state": "1", "minnights": "1", "currency": "UAH"}, "2017-08-18": {"price": "4078.80", "state": "1", "minnights": "1", "currency": "UAH"}, "2017-08-19": {"price": "4078.80", "state": "1", "minnights": "1", "currency": "UAH"}, "2017-08-20": {"price": "3569.40", "state": "1", "minnights": "1", "currency": "UAH"}, "2017-08-21": {"price": "3151.80", "state": "1", "minnights": "1", "currency": "UAH"}, "2017-08-22": {"price": "3569.40", "state": "1", "minnights": "1", "currency": "UAH"}, "2017-08-23": {"price": "3616.20", "state": "1", "minnights": "1", "currency": "UAH"}, "2017-08-24": {"price": "3987.00", "state": "1", "minnights": "1", "currency": "UAH"}, "2017-08-25": {"price": "4402.80", "state": "1", "minnights": "1", "currency": "UAH"}, "2017-08-26": {"price": "4402.80", "state": "1", "minnights": "1", "currency": "UAH"}, "2017-08-27": {"price": "3569.40", "state": "1", "minnights": "1", "currency": "UAH"}, "2017-08-28": {"price": "3151.80", "state": "1", "minnights": "1", "currency": "UAH"}, "2017-08-29": {"price": "3475.80", "state": "1", "minnights": "1", "currency": "UAH"}, "2017-08-30": {"price": "3430.80", "state": "1", "minnights": "1", "currency": "UAH"}, "2017-08-31": {"price": "3801.60", "state": "1", "minnights": "1", "currency": "UAH"}}, "discounts": [{"days": 2, "discount": "3.0", "text": "nights"}, {"days": 3, "discount": "4.5", "text": "nights"}, {"days": 4, "discount": "6.0", "text": "nights"}, {"days": 5, "discount": "7.5", "text": "nights"}, {"days": 6, "discount": "9.0", "text": "nights"}, {"days": 7, "discount": "10.5", "text": "nights"}, {"days": 8, "discount": "12.0", "text": "nights"}, {"days": 9, "discount": "13.5", "text": "nights"}, {"days": 10, "discount": "15.0", "text": "nights"}, {"days": 11, "discount": "16.5", "text": "nights"}, {"days": 12, "discount": "18.0", "text": "nights"}, {"days": 13, "discount": "19.5", "text": "nights"}, {"days": 14, "discount": "20.0", "text": "nights"}, {"days": 30, "discount": "20.0", "text": "nights"}]}